,single_modality,multimodal_fusion,feature_importance,model_interpretability
imaging,"{'accuracy': {'mean': np.float64(0.5554968287526428), 'std': np.float64(0.03767427623637511)}, 'precision': {'mean': np.float64(0.5336501072119187), 'std': np.float64(0.026233976961990813)}, 'recall': {'mean': np.float64(0.9268398268398268), 'std': np.float64(0.061471861471861455)}, 'f1': {'mean': np.float64(0.6757184129429892), 'std': np.float64(0.020707246797748217)}, 'auc': {'mean': np.float64(0.6098091302636757), 'std': np.float64(0.06384569142786732)}}",,,
clinical,"{'accuracy': {'mean': np.float64(0.6991543340380549), 'std': np.float64(0.06695463790476101)}, 'precision': {'mean': np.float64(0.6402828337812858), 'std': np.float64(0.07072219369766215)}, 'recall': {'mean': np.float64(0.9536796536796537), 'std': np.float64(0.041648531500625786)}, 'f1': {'mean': np.float64(0.7624451207780168), 'std': np.float64(0.040321977093489274)}, 'auc': {'mean': np.float64(0.8856946084218811), 'std': np.float64(0.01773407722212743)}}",,,
accuracy,,"{'mean': np.float64(0.694291754756871), 'std': np.float64(0.0504324721197348)}",,
precision,,"{'mean': np.float64(0.6386996177318758), 'std': np.float64(0.05640358050708211)}",,
recall,,"{'mean': np.float64(0.9264069264069263), 'std': np.float64(0.0467251799673656)}",,
f1,,"{'mean': np.float64(0.7530560977372949), 'std': np.float64(0.029128541136411876)}",,
auc,,"{'mean': np.float64(0.8616292798110979), 'std': np.float64(0.03840075918802208)}",,
feature,,,"{115: 'Ethnicity_Caucasian', 160: '%GG_0%', 181: 'Histology _NSCLC NOS (not otherwise specified)', 193: 'Pathological N stage_N2', 14: 'ZNF174', 195: 'Pathological M stage_M0', 133: 'Pack Years_30', 138: 'Pack Years_40', 225: 'Adjuvant Treatment_Yes', 494: 'Gender_Male_volume_m', 6: 'Days between CT and surgery', 19: 'NCOA1', 186: 'Pathological T stage_T2a', 489: 'Age at Histological Diagnosis_surface_mr', 17: 'KLHL2', 21: 'SNX8', 1: 'surface_mr', 10: 'IRF4', 15: 'RYBP', 18: 'NOP14', 187: 'Pathological T stage_T2b', 114: 'Ethnicity_Asian', 3: 'compactn', 176: 'Tumor Location (choice=LLL)_Unchecked', 23: 'SLC35C2', 185: 'Pathological T stage_T1b', 491: 'Gender_Female_volume_m', 22: 'DHX35', 8: 'SPIN4', 2: 'max_diamt', 118: 'Ethnicity_Not Recorded In Database', 11: 'ZC3HC1', 13: 'DPH5', 24: 'HSF4', 201: 'Histopathological Grade_G3 Poorly differentiated', 119: 'Smoking status_Current', 0: 'volume_m', 486: 'volume_m_max_diamt', 110: 'Weight (lbs)_Not Collected', 26: 'NUMBL', 199: 'Histopathological Grade_G1 Well differentiated', 4: 'Age at Histological Diagnosis', 485: 'volume_m_surface_mr', 25: 'TMEM117', 12: 'ZBTB24', 206: 'Lymphovascular invasion_Not Collected', 5: 'Quit Smoking Year', 16: 'ECE2', 28: 'Patient affiliation_VA', 171: 'Tumor Location (choice=RLL)_Checked', 7: 'FAM195B', 217: 'KRAS mutation status_Unknown', 488: 'Age at Histological Diagnosis_volume_m', 184: 'Pathological T stage_T1a', 496: 'Gender_Male_max_diamt', 9: 'TRA2B', 168: 'Tumor Location (choice=RUL)_Unchecked', 20: 'METTL3', 490: 'Age at Histological Diagnosis_max_diamt', 174: 'Tumor Location (choice=LUL)_Unchecked', 210: 'Pleural invasion (elastic, visceral, or parietal)_Yes', 182: 'Histology _Squamous cell carcinoma', 221: 'ALK translocation status_Unknown', 27: 'Patient affiliation_Stanford', 208: 'Pleural invasion (elastic, visceral, or parietal)_No', 495: 'Gender_Male_surface_mr', 487: 'surface_mr_max_diamt', 454: 'PET Date_6/10/1994', 455: 'PET Date_6/11/1991', 456: 'PET Date_6/23/1993', 457: 'PET Date_6/26/1996', 458: 'PET Date_6/27/1992', 459: 'PET Date_6/29/1995', 460: 'PET Date_6/3/1994', 461: 'PET Date_7/10/1993', 462: 'PET Date_7/19/1995', 463: 'PET Date_7/2/1994', 49: 'Weight (lbs)_147.735', 50: 'Weight (lbs)_149', 51: 'Weight (lbs)_150', 52: 'Weight (lbs)_152', 53: 'Weight (lbs)_152.145', 54: 'Weight (lbs)_155', 55: 'Weight (lbs)_156.555', 56: 'Weight (lbs)_157', 57: 'Weight (lbs)_158', 58: 'Weight (lbs)_160.965', 59: 'Weight (lbs)_161', 60: 'Weight (lbs)_163', 61: 'Weight (lbs)_169', 62: 'Weight (lbs)_170', 63: 'Weight (lbs)_171', 64: 'Weight (lbs)_171.99', 65: 'Weight (lbs)_173', 66: 'Weight (lbs)_174', 67: 'Weight (lbs)_174.195', 68: 'Weight (lbs)_175', 69: 'Weight (lbs)_176', 70: 'Weight (lbs)_178.605', 71: 'Weight (lbs)_179', 72: 'Weight (lbs)_180.1926', 73: 'Weight (lbs)_180.81', 74: 'Weight (lbs)_181', 75: 'Weight (lbs)_183', 76: 'Weight (lbs)_183.015', 77: 'Weight (lbs)_185', 78: 'Weight (lbs)_185.22', 79: 'Weight (lbs)_187.425', 80: 'Weight (lbs)_189.63', 81: 'Weight (lbs)_194', 82: 'Weight (lbs)_194.04', 83: 'Weight (lbs)_195', 84: 'Weight (lbs)_198.45', 85: 'Weight (lbs)_198.5', 86: 'Weight (lbs)_199.04535', 87: 'Weight (lbs)_200.655', 88: 'Weight (lbs)_201', 89: 'Weight (lbs)_202.86', 90: 'Weight (lbs)_207', 91: 'Weight (lbs)_207.27', 92: 'Weight (lbs)_208.04175', 93: 'Weight (lbs)_209.475', 94: 'Weight (lbs)_211.68', 95: 'Weight (lbs)_214', 96: 'Weight (lbs)_216.09', 97: 'Weight (lbs)_220.5', 98: 'Weight (lbs)_224.91', 99: 'Weight (lbs)_225', 100: 'Weight (lbs)_229', 101: 'Weight (lbs)_249.165', 102: 'Weight (lbs)_256', 103: 'Weight (lbs)_260', 104: 'Weight (lbs)_269', 105: 'Weight (lbs)_282', 106: 'Weight (lbs)_288.855', 107: 'Weight (lbs)_49.1', 108: 'Weight (lbs)_80', 109: 'Weight (lbs)_94.815', 111: 'Gender_Female', 112: 'Gender_Male', 113: 'Ethnicity_African-American', 116: 'Ethnicity_Hispanic/Latino', 117: 'Ethnicity_Native Hawaiian/Pacific Islander', 120: 'Smoking status_Former', 121: 'Smoking status_Nonsmoker', 122: 'Pack Years_1', 123: 'Pack Years_10', 124: 'Pack Years_100', 125: 'Pack Years_120', 126: 'Pack Years_14', 127: 'Pack Years_15', 128: 'Pack Years_18', 129: 'Pack Years_2', 130: 'Pack Years_20', 131: 'Pack Years_22', 132: 'Pack Years_25', 134: 'Pack Years_34', 135: 'Pack Years_35', 136: 'Pack Years_38', 137: 'Pack Years_4', 139: 'Pack Years_41', 140: 'Pack Years_43', 141: 'Pack Years_45', 142: 'Pack Years_46', 143: 'Pack Years_5', 144: 'Pack Years_50', 145: 'Pack Years_51', 146: 'Pack Years_52', 147: 'Pack Years_53', 148: 'Pack Years_54', 149: 'Pack Years_56', 150: 'Pack Years_60', 151: 'Pack Years_63', 152: 'Pack Years_65', 153: 'Pack Years_70', 154: 'Pack Years_75', 155: 'Pack Years_8', 156: 'Pack Years_80', 157: 'Pack Years_90', 158: 'Pack Years_98', 159: 'Pack Years_Not Collected', 161: '%GG_100%', 162: '%GG_25 - 50%', 163: '%GG_50 - 75%', 164: '%GG_75 - _ 100%', 165: '%GG_>0 - 25%', 166: '%GG_Not Assessed', 167: 'Tumor Location (choice=RUL)_Checked', 169: 'Tumor Location (choice=RML)_Checked', 170: 'Tumor Location (choice=RML)_Unchecked', 172: 'Tumor Location (choice=RLL)_Unchecked', 173: 'Tumor Location (choice=LUL)_Checked', 175: 'Tumor Location (choice=LLL)_Checked', 177: 'Tumor Location (choice=L Lingula)_Checked', 178: 'Tumor Location (choice=L Lingula)_Unchecked', 179: 'Tumor Location (choice=Unknown)_Unchecked', 180: 'Histology _Adenocarcinoma', 183: 'Pathological T stage_Not Collected', 188: 'Pathological T stage_T3', 189: 'Pathological T stage_T4', 190: 'Pathological T stage_Tis', 191: 'Pathological N stage_N0', 192: 'Pathological N stage_N1', 194: 'Pathological N stage_Not Collected', 196: 'Pathological M stage_M1a', 197: 'Pathological M stage_M1b', 198: 'Pathological M stage_Not Collected', 200: 'Histopathological Grade_G2 Moderately differentiated', 202: 'Histopathological Grade_Not Collected', 203: 'Histopathological Grade_Other, Type I: Well to moderately differentiated', 204: 'Histopathological Grade_Other, Type II: Moderately to poorly differentiated', 205: 'Lymphovascular invasion_Absent', 207: 'Lymphovascular invasion_Present', 209: 'Pleural invasion (elastic, visceral, or parietal)_Not collected', 211: 'EGFR mutation status_Mutant', 212: 'EGFR mutation status_Not collected', 213: 'EGFR mutation status_Unknown', 214: 'EGFR mutation status_Wildtype', 215: 'KRAS mutation status_Mutant', 216: 'KRAS mutation status_Not collected', 218: 'KRAS mutation status_Wildtype', 219: 'ALK translocation status_Not collected', 220: 'ALK translocation status_Translocated', 222: 'ALK translocation status_Wildtype', 223: 'Adjuvant Treatment_No', 224: 'Adjuvant Treatment_Not Collected', 226: 'Chemotherapy_No', 227: 'Chemotherapy_Not Collected', 228: 'Chemotherapy_Yes', 229: 'Radiation_No', 230: 'Radiation_Not Collected', 231: 'Radiation_Yes', 232: 'CT Date_1/11/1994', 233: 'CT Date_1/12/1994', 234: 'CT Date_1/12/1996', 235: 'CT Date_1/14/1994', 236: 'CT Date_1/15/1992', 237: 'CT Date_1/15/1993', 238: 'CT Date_1/15/1994', 239: 'CT Date_1/18/1996', 240: 'CT Date_1/27/1995', 241: 'CT Date_1/28/1994', 242: 'CT Date_1/5/1991', 243: 'CT Date_1/5/1995', 244: 'CT Date_1/6/1991', 245: 'CT Date_1/6/1993', 246: 'CT Date_10/14/1993', 247: 'CT Date_10/16/1990', 248: 'CT Date_10/16/1991', 249: 'CT Date_10/17/1995', 250: 'CT Date_10/20/1995', 251: 'CT Date_10/25/1991', 252: 'CT Date_10/25/1995', 253: 'CT Date_10/3/1993', 254: 'CT Date_11/1/1995', 255: 'CT Date_11/10/1993', 256: 'CT Date_11/11/1993', 257: 'CT Date_11/13/1990', 258: 'CT Date_11/17/1994', 259: 'CT Date_11/18/1992', 260: 'CT Date_11/21/1992', 261: 'CT Date_11/22/1995', 262: 'CT Date_11/23/1990', 263: 'CT Date_11/23/1995', 264: 'CT Date_11/26/1994', 265: 'CT Date_11/3/1993', 266: 'CT Date_11/7/1989', 267: 'CT Date_11/9/1995', 268: 'CT Date_12/1/1993', 269: 'CT Date_12/10/1991', 270: 'CT Date_12/20/1995', 271: 'CT Date_12/21/1994', 272: 'CT Date_12/22/1993', 273: 'CT Date_12/26/1992', 274: 'CT Date_12/3/1991', 275: 'CT Date_12/3/1993', 276: 'CT Date_12/30/1993', 277: 'CT Date_12/5/1990', 278: 'CT Date_12/6/1995', 279: 'CT Date_2/10/1994', 280: 'CT Date_2/14/1995', 281: 'CT Date_2/18/1993', 282: 'CT Date_2/22/1992', 283: 'CT Date_2/22/1995', 284: 'CT Date_2/23/1995', 285: 'CT Date_2/25/1994', 286: 'CT Date_2/25/1995', 287: 'CT Date_2/26/1994', 288: 'CT Date_2/28/1995', 289: 'CT Date_2/28/1996', 290: 'CT Date_2/5/1992', 291: 'CT Date_2/5/1994', 292: 'CT Date_2/9/1991', 293: 'CT Date_3/1/1994', 294: 'CT Date_3/11/1994', 295: 'CT Date_3/16/1995', 296: 'CT Date_3/18/1994', 297: 'CT Date_3/21/1994', 298: 'CT Date_3/23/1995', 299: 'CT Date_3/25/1995', 300: 'CT Date_3/30/1993', 301: 'CT Date_3/30/1996', 302: 'CT Date_3/4/1993', 303: 'CT Date_3/8/1991', 304: 'CT Date_3/9/1994', 305: 'CT Date_3/9/1995', 306: 'CT Date_4/12/1995', 307: 'CT Date_4/20/1991', 308: 'CT Date_4/23/1994', 309: 'CT Date_4/27/1994', 310: 'CT Date_4/27/1996', 311: 'CT Date_4/28/1994', 312: 'CT Date_4/30/1993', 313: 'CT Date_4/5/1992', 314: 'CT Date_4/6/1995', 315: 'CT Date_5/18/1994', 316: 'CT Date_5/19/1994', 317: 'CT Date_5/21/1992', 318: 'CT Date_5/21/1994', 319: 'CT Date_5/23/1996', 320: 'CT Date_5/29/1992', 321: 'CT Date_5/31/1992', 322: 'CT Date_5/4/1995', 323: 'CT Date_5/6/1994', 324: 'CT Date_6/14/1995', 325: 'CT Date_6/17/1993', 326: 'CT Date_6/18/1994', 327: 'CT Date_6/21/1995', 328: 'CT Date_6/22/1994', 329: 'CT Date_6/23/1994', 330: 'CT Date_6/26/1996', 331: 'CT Date_6/27/1992', 332: 'CT Date_6/28/1995', 333: 'CT Date_6/3/1993', 334: 'CT Date_6/9/1993', 335: 'CT Date_7/14/1995', 336: 'CT Date_7/15/1993', 337: 'CT Date_7/21/1993', 338: 'CT Date_7/21/1994', 339: 'CT Date_7/29/1995', 340: 'CT Date_7/30/1994', 341: 'CT Date_7/31/1993', 342: 'CT Date_7/5/1994', 343: 'CT Date_7/6/1992', 344: 'CT Date_7/6/1994', 345: 'CT Date_7/7/1995', 346: 'CT Date_8/12/1993', 347: 'CT Date_8/12/1995', 348: 'CT Date_8/17/1995', 349: 'CT Date_8/2/1994', 350: 'CT Date_8/21/1992', 351: 'CT Date_8/28/1993', 352: 'CT Date_8/28/1996', 353: 'CT Date_8/5/1990', 354: 'CT Date_8/5/1993', 355: 'CT Date_8/9/1991', 356: 'CT Date_9/1/1993', 357: 'CT Date_9/1/1994', 358: 'CT Date_9/11/1993', 359: 'CT Date_9/11/1996', 360: 'CT Date_9/17/1992', 361: 'CT Date_9/21/1993', 362: 'CT Date_9/22/1993', 363: 'CT Date_9/23/1993', 364: 'CT Date_9/23/1995', 365: 'CT Date_9/25/1993', 366: 'CT Date_9/29/1992', 367: 'CT Date_9/7/1992', 368: 'CT Date_9/7/1994', 369: 'CT Date_9/8/1994', 370: 'CT Date_9/8/1995', 371: 'CT Date_9/9/1991', 440: 'PET Date_4/7/1994', 373: 'PET Date_1/10/1992', 374: 'PET Date_1/12/1994', 375: 'PET Date_1/13/1990', 376: 'PET Date_1/18/1996', 377: 'PET Date_1/23/1991', 378: 'PET Date_1/5/1995', 379: 'PET Date_1/6/1995', 380: 'PET Date_10/12/1993', 381: 'PET Date_10/13/1995', 382: 'PET Date_10/16/1991', 383: 'PET Date_10/17/1991', 384: 'PET Date_10/18/1994', 385: 'PET Date_10/20/1995', 386: 'PET Date_10/22/1993', 387: 'PET Date_10/3/1992', 388: 'PET Date_10/30/1993', 389: 'PET Date_10/5/1995', 390: 'PET Date_10/9/1993', 391: 'PET Date_11/12/1993', 392: 'PET Date_11/18/1992', 393: 'PET Date_11/26/1993', 394: 'PET Date_11/26/1994', 395: 'PET Date_11/28/1990', 396: 'PET Date_11/29/1995', 397: 'PET Date_11/3/1990', 398: 'PET Date_11/30/1994', 399: 'PET Date_11/4/1994', 400: 'PET Date_11/6/1993', 401: 'PET Date_11/7/1991', 402: 'PET Date_12/10/1991', 403: 'PET Date_12/11/1990', 404: 'PET Date_12/13/1995', 405: 'PET Date_12/16/1995', 406: 'PET Date_12/19/1991', 407: 'PET Date_12/21/1995', 408: 'PET Date_12/22/1990', 409: 'PET Date_12/22/1995', 410: 'PET Date_12/29/1993', 411: 'PET Date_12/30/1993', 412: 'PET Date_12/5/1995', 413: 'PET Date_2/11/1994', 414: 'PET Date_2/11/1995', 415: 'PET Date_2/14/1995', 416: 'PET Date_2/15/1994', 417: 'PET Date_2/17/1994', 418: 'PET Date_2/25/1995', 419: 'PET Date_2/26/1994', 420: 'PET Date_2/4/1994', 421: 'PET Date_3/1/1995', 422: 'PET Date_3/10/1995', 423: 'PET Date_3/2/1993', 424: 'PET Date_3/2/1995', 425: 'PET Date_3/23/1991', 426: 'PET Date_3/23/1995', 427: 'PET Date_3/24/1994', 428: 'PET Date_3/25/1995', 429: 'PET Date_3/3/1995', 430: 'PET Date_3/30/1996', 431: 'PET Date_3/31/1995', 432: 'PET Date_3/8/1995', 465: 'PET Date_7/4/1992', 372: 'PET Date_1/1/1994', 467: 'PET Date_8/17/1995', 468: 'PET Date_8/2/1994', 469: 'PET Date_8/25/1993', 470: 'PET Date_8/26/1995', 471: 'PET Date_8/28/1996', 48: 'Weight (lbs)_145.53', 473: 'PET Date_8/5/1993', 474: 'PET Date_8/6/1993', 475: 'PET Date_8/7/1993', 476: 'PET Date_9/11/1993', 477: 'PET Date_9/12/1995', 478: 'PET Date_9/14/1990', 479: 'PET Date_9/21/1996', 480: 'PET Date_9/23/1992', 481: 'PET Date_9/7/1994', 482: 'PET Date_9/8/1994', 483: 'PET Date_9/8/1995', 484: 'PET Date_Not Collected', 472: 'PET Date_8/31/1994', 464: 'PET Date_7/20/1993', 433: 'PET Date_4/1/1995', 434: 'PET Date_4/12/1995', 435: 'PET Date_4/13/1995', 436: 'PET Date_4/19/1991', 437: 'PET Date_4/21/1994', 492: 'Gender_Female_surface_mr', 493: 'Gender_Female_max_diamt', 438: 'PET Date_4/27/1996', 439: 'PET Date_4/7/1993', 441: 'PET Date_4/7/1995', 442: 'PET Date_5/11/1994', 443: 'PET Date_5/11/1996', 444: 'PET Date_5/21/1992', 445: 'PET Date_5/23/1996', 446: 'PET Date_5/26/1993', 447: 'PET Date_5/28/1992', 448: 'PET Date_5/29/1992', 449: 'PET Date_5/29/1993', 450: 'PET Date_5/3/1994', 451: 'PET Date_5/31/1995', 452: 'PET Date_5/4/1995', 453: 'PET Date_5/7/1991', 29: 'Weight (lbs)_102', 30: 'Weight (lbs)_103.635', 31: 'Weight (lbs)_104', 32: 'Weight (lbs)_108.045', 33: 'Weight (lbs)_110.1177', 34: 'Weight (lbs)_111.5815', 35: 'Weight (lbs)_112', 36: 'Weight (lbs)_114.66', 37: 'Weight (lbs)_125', 38: 'Weight (lbs)_126', 39: 'Weight (lbs)_128', 40: 'Weight (lbs)_130', 41: 'Weight (lbs)_130.02885', 42: 'Weight (lbs)_132', 43: 'Weight (lbs)_133', 44: 'Weight (lbs)_134.505', 45: 'Weight (lbs)_135', 46: 'Weight (lbs)_137', 47: 'Weight (lbs)_145', 466: 'PET Date_8/14/1991'}","{160: '%GG_0%', 133: 'Pack Years_30', 18: 'NOP14', 10: 'IRF4', 193: 'Pathological N stage_N2', 115: 'Ethnicity_Caucasian', 14: 'ZNF174', 24: 'HSF4', 17: 'KLHL2', 15: 'RYBP', 4: 'Age at Histological Diagnosis', 23: 'SLC35C2', 186: 'Pathological T stage_T2a', 9: 'TRA2B', 3: 'compactn', 201: 'Histopathological Grade_G3 Poorly differentiated', 225: 'Adjuvant Treatment_Yes', 25: 'TMEM117', 187: 'Pathological T stage_T2b', 26: 'NUMBL', 20: 'METTL3', 168: 'Tumor Location (choice=RUL)_Unchecked', 21: 'SNX8', 2: 'max_diamt', 5: 'Quit Smoking Year', 19: 'NCOA1', 208: 'Pleural invasion (elastic, visceral, or parietal)_No', 490: 'Age at Histological Diagnosis_max_diamt', 22: 'DHX35', 8: 'SPIN4', 0: 'volume_m', 485: 'volume_m_surface_mr', 489: 'Age at Histological Diagnosis_surface_mr', 13: 'DPH5', 486: 'volume_m_max_diamt', 1: 'surface_mr', 496: 'Gender_Male_max_diamt', 221: 'ALK translocation status_Unknown', 185: 'Pathological T stage_T1b', 118: 'Ethnicity_Not Recorded In Database', 12: 'ZBTB24', 217: 'KRAS mutation status_Unknown', 6: 'Days between CT and surgery', 488: 'Age at Histological Diagnosis_volume_m', 7: 'FAM195B', 199: 'Histopathological Grade_G1 Well differentiated', 16: 'ECE2', 28: 'Patient affiliation_VA', 119: 'Smoking status_Current', 11: 'ZC3HC1', 494: 'Gender_Male_volume_m', 171: 'Tumor Location (choice=RLL)_Checked', 182: 'Histology _Squamous cell carcinoma', 206: 'Lymphovascular invasion_Not Collected', 110: 'Weight (lbs)_Not Collected', 195: 'Pathological M stage_M0', 27: 'Patient affiliation_Stanford', 176: 'Tumor Location (choice=LLL)_Unchecked', 495: 'Gender_Male_surface_mr', 174: 'Tumor Location (choice=LUL)_Unchecked', 487: 'surface_mr_max_diamt', 184: 'Pathological T stage_T1a', 210: 'Pleural invasion (elastic, visceral, or parietal)_Yes', 181: 'Histology _NSCLC NOS (not otherwise specified)', 138: 'Pack Years_40', 114: 'Ethnicity_Asian', 491: 'Gender_Female_volume_m', 454: 'PET Date_6/10/1994', 455: 'PET Date_6/11/1991', 456: 'PET Date_6/23/1993', 457: 'PET Date_6/26/1996', 458: 'PET Date_6/27/1992', 459: 'PET Date_6/29/1995', 460: 'PET Date_6/3/1994', 461: 'PET Date_7/10/1993', 462: 'PET Date_7/19/1995', 463: 'PET Date_7/2/1994', 49: 'Weight (lbs)_147.735', 50: 'Weight (lbs)_149', 51: 'Weight (lbs)_150', 52: 'Weight (lbs)_152', 53: 'Weight (lbs)_152.145', 54: 'Weight (lbs)_155', 55: 'Weight (lbs)_156.555', 56: 'Weight (lbs)_157', 57: 'Weight (lbs)_158', 58: 'Weight (lbs)_160.965', 59: 'Weight (lbs)_161', 60: 'Weight (lbs)_163', 61: 'Weight (lbs)_169', 62: 'Weight (lbs)_170', 63: 'Weight (lbs)_171', 64: 'Weight (lbs)_171.99', 65: 'Weight (lbs)_173', 66: 'Weight (lbs)_174', 67: 'Weight (lbs)_174.195', 68: 'Weight (lbs)_175', 69: 'Weight (lbs)_176', 70: 'Weight (lbs)_178.605', 71: 'Weight (lbs)_179', 72: 'Weight (lbs)_180.1926', 73: 'Weight (lbs)_180.81', 74: 'Weight (lbs)_181', 75: 'Weight (lbs)_183', 76: 'Weight (lbs)_183.015', 77: 'Weight (lbs)_185', 78: 'Weight (lbs)_185.22', 79: 'Weight (lbs)_187.425', 80: 'Weight (lbs)_189.63', 81: 'Weight (lbs)_194', 82: 'Weight (lbs)_194.04', 83: 'Weight (lbs)_195', 84: 'Weight (lbs)_198.45', 85: 'Weight (lbs)_198.5', 86: 'Weight (lbs)_199.04535', 87: 'Weight (lbs)_200.655', 88: 'Weight (lbs)_201', 89: 'Weight (lbs)_202.86', 90: 'Weight (lbs)_207', 91: 'Weight (lbs)_207.27', 92: 'Weight (lbs)_208.04175', 93: 'Weight (lbs)_209.475', 94: 'Weight (lbs)_211.68', 95: 'Weight (lbs)_214', 96: 'Weight (lbs)_216.09', 97: 'Weight (lbs)_220.5', 98: 'Weight (lbs)_224.91', 99: 'Weight (lbs)_225', 100: 'Weight (lbs)_229', 101: 'Weight (lbs)_249.165', 102: 'Weight (lbs)_256', 103: 'Weight (lbs)_260', 104: 'Weight (lbs)_269', 105: 'Weight (lbs)_282', 106: 'Weight (lbs)_288.855', 107: 'Weight (lbs)_49.1', 108: 'Weight (lbs)_80', 109: 'Weight (lbs)_94.815', 111: 'Gender_Female', 112: 'Gender_Male', 113: 'Ethnicity_African-American', 116: 'Ethnicity_Hispanic/Latino', 117: 'Ethnicity_Native Hawaiian/Pacific Islander', 120: 'Smoking status_Former', 121: 'Smoking status_Nonsmoker', 122: 'Pack Years_1', 123: 'Pack Years_10', 124: 'Pack Years_100', 125: 'Pack Years_120', 126: 'Pack Years_14', 127: 'Pack Years_15', 128: 'Pack Years_18', 129: 'Pack Years_2', 130: 'Pack Years_20', 131: 'Pack Years_22', 132: 'Pack Years_25', 134: 'Pack Years_34', 135: 'Pack Years_35', 136: 'Pack Years_38', 137: 'Pack Years_4', 139: 'Pack Years_41', 140: 'Pack Years_43', 141: 'Pack Years_45', 142: 'Pack Years_46', 143: 'Pack Years_5', 144: 'Pack Years_50', 145: 'Pack Years_51', 146: 'Pack Years_52', 147: 'Pack Years_53', 148: 'Pack Years_54', 149: 'Pack Years_56', 150: 'Pack Years_60', 151: 'Pack Years_63', 152: 'Pack Years_65', 153: 'Pack Years_70', 154: 'Pack Years_75', 155: 'Pack Years_8', 156: 'Pack Years_80', 157: 'Pack Years_90', 158: 'Pack Years_98', 159: 'Pack Years_Not Collected', 161: '%GG_100%', 162: '%GG_25 - 50%', 163: '%GG_50 - 75%', 164: '%GG_75 - _ 100%', 165: '%GG_>0 - 25%', 166: '%GG_Not Assessed', 167: 'Tumor Location (choice=RUL)_Checked', 169: 'Tumor Location (choice=RML)_Checked', 170: 'Tumor Location (choice=RML)_Unchecked', 172: 'Tumor Location (choice=RLL)_Unchecked', 173: 'Tumor Location (choice=LUL)_Checked', 175: 'Tumor Location (choice=LLL)_Checked', 177: 'Tumor Location (choice=L Lingula)_Checked', 178: 'Tumor Location (choice=L Lingula)_Unchecked', 179: 'Tumor Location (choice=Unknown)_Unchecked', 180: 'Histology _Adenocarcinoma', 183: 'Pathological T stage_Not Collected', 188: 'Pathological T stage_T3', 189: 'Pathological T stage_T4', 190: 'Pathological T stage_Tis', 191: 'Pathological N stage_N0', 192: 'Pathological N stage_N1', 194: 'Pathological N stage_Not Collected', 196: 'Pathological M stage_M1a', 197: 'Pathological M stage_M1b', 198: 'Pathological M stage_Not Collected', 200: 'Histopathological Grade_G2 Moderately differentiated', 202: 'Histopathological Grade_Not Collected', 203: 'Histopathological Grade_Other, Type I: Well to moderately differentiated', 204: 'Histopathological Grade_Other, Type II: Moderately to poorly differentiated', 205: 'Lymphovascular invasion_Absent', 207: 'Lymphovascular invasion_Present', 209: 'Pleural invasion (elastic, visceral, or parietal)_Not collected', 211: 'EGFR mutation status_Mutant', 212: 'EGFR mutation status_Not collected', 213: 'EGFR mutation status_Unknown', 214: 'EGFR mutation status_Wildtype', 215: 'KRAS mutation status_Mutant', 216: 'KRAS mutation status_Not collected', 218: 'KRAS mutation status_Wildtype', 219: 'ALK translocation status_Not collected', 220: 'ALK translocation status_Translocated', 222: 'ALK translocation status_Wildtype', 223: 'Adjuvant Treatment_No', 224: 'Adjuvant Treatment_Not Collected', 226: 'Chemotherapy_No', 227: 'Chemotherapy_Not Collected', 228: 'Chemotherapy_Yes', 229: 'Radiation_No', 230: 'Radiation_Not Collected', 231: 'Radiation_Yes', 232: 'CT Date_1/11/1994', 233: 'CT Date_1/12/1994', 234: 'CT Date_1/12/1996', 235: 'CT Date_1/14/1994', 236: 'CT Date_1/15/1992', 237: 'CT Date_1/15/1993', 238: 'CT Date_1/15/1994', 239: 'CT Date_1/18/1996', 240: 'CT Date_1/27/1995', 241: 'CT Date_1/28/1994', 242: 'CT Date_1/5/1991', 243: 'CT Date_1/5/1995', 244: 'CT Date_1/6/1991', 245: 'CT Date_1/6/1993', 246: 'CT Date_10/14/1993', 247: 'CT Date_10/16/1990', 248: 'CT Date_10/16/1991', 249: 'CT Date_10/17/1995', 250: 'CT Date_10/20/1995', 251: 'CT Date_10/25/1991', 252: 'CT Date_10/25/1995', 253: 'CT Date_10/3/1993', 254: 'CT Date_11/1/1995', 255: 'CT Date_11/10/1993', 256: 'CT Date_11/11/1993', 257: 'CT Date_11/13/1990', 258: 'CT Date_11/17/1994', 259: 'CT Date_11/18/1992', 260: 'CT Date_11/21/1992', 261: 'CT Date_11/22/1995', 262: 'CT Date_11/23/1990', 263: 'CT Date_11/23/1995', 264: 'CT Date_11/26/1994', 265: 'CT Date_11/3/1993', 266: 'CT Date_11/7/1989', 267: 'CT Date_11/9/1995', 268: 'CT Date_12/1/1993', 269: 'CT Date_12/10/1991', 270: 'CT Date_12/20/1995', 271: 'CT Date_12/21/1994', 272: 'CT Date_12/22/1993', 273: 'CT Date_12/26/1992', 274: 'CT Date_12/3/1991', 275: 'CT Date_12/3/1993', 276: 'CT Date_12/30/1993', 277: 'CT Date_12/5/1990', 278: 'CT Date_12/6/1995', 279: 'CT Date_2/10/1994', 280: 'CT Date_2/14/1995', 281: 'CT Date_2/18/1993', 282: 'CT Date_2/22/1992', 283: 'CT Date_2/22/1995', 284: 'CT Date_2/23/1995', 285: 'CT Date_2/25/1994', 286: 'CT Date_2/25/1995', 287: 'CT Date_2/26/1994', 288: 'CT Date_2/28/1995', 289: 'CT Date_2/28/1996', 290: 'CT Date_2/5/1992', 291: 'CT Date_2/5/1994', 292: 'CT Date_2/9/1991', 293: 'CT Date_3/1/1994', 294: 'CT Date_3/11/1994', 295: 'CT Date_3/16/1995', 296: 'CT Date_3/18/1994', 297: 'CT Date_3/21/1994', 298: 'CT Date_3/23/1995', 299: 'CT Date_3/25/1995', 300: 'CT Date_3/30/1993', 301: 'CT Date_3/30/1996', 302: 'CT Date_3/4/1993', 303: 'CT Date_3/8/1991', 304: 'CT Date_3/9/1994', 305: 'CT Date_3/9/1995', 306: 'CT Date_4/12/1995', 307: 'CT Date_4/20/1991', 308: 'CT Date_4/23/1994', 309: 'CT Date_4/27/1994', 310: 'CT Date_4/27/1996', 311: 'CT Date_4/28/1994', 312: 'CT Date_4/30/1993', 313: 'CT Date_4/5/1992', 314: 'CT Date_4/6/1995', 315: 'CT Date_5/18/1994', 316: 'CT Date_5/19/1994', 317: 'CT Date_5/21/1992', 318: 'CT Date_5/21/1994', 319: 'CT Date_5/23/1996', 320: 'CT Date_5/29/1992', 321: 'CT Date_5/31/1992', 322: 'CT Date_5/4/1995', 323: 'CT Date_5/6/1994', 324: 'CT Date_6/14/1995', 325: 'CT Date_6/17/1993', 326: 'CT Date_6/18/1994', 327: 'CT Date_6/21/1995', 328: 'CT Date_6/22/1994', 329: 'CT Date_6/23/1994', 330: 'CT Date_6/26/1996', 331: 'CT Date_6/27/1992', 332: 'CT Date_6/28/1995', 333: 'CT Date_6/3/1993', 334: 'CT Date_6/9/1993', 335: 'CT Date_7/14/1995', 336: 'CT Date_7/15/1993', 337: 'CT Date_7/21/1993', 338: 'CT Date_7/21/1994', 339: 'CT Date_7/29/1995', 340: 'CT Date_7/30/1994', 341: 'CT Date_7/31/1993', 342: 'CT Date_7/5/1994', 343: 'CT Date_7/6/1992', 344: 'CT Date_7/6/1994', 345: 'CT Date_7/7/1995', 346: 'CT Date_8/12/1993', 347: 'CT Date_8/12/1995', 348: 'CT Date_8/17/1995', 349: 'CT Date_8/2/1994', 350: 'CT Date_8/21/1992', 351: 'CT Date_8/28/1993', 352: 'CT Date_8/28/1996', 353: 'CT Date_8/5/1990', 354: 'CT Date_8/5/1993', 355: 'CT Date_8/9/1991', 356: 'CT Date_9/1/1993', 357: 'CT Date_9/1/1994', 358: 'CT Date_9/11/1993', 359: 'CT Date_9/11/1996', 360: 'CT Date_9/17/1992', 361: 'CT Date_9/21/1993', 362: 'CT Date_9/22/1993', 363: 'CT Date_9/23/1993', 364: 'CT Date_9/23/1995', 365: 'CT Date_9/25/1993', 366: 'CT Date_9/29/1992', 367: 'CT Date_9/7/1992', 368: 'CT Date_9/7/1994', 369: 'CT Date_9/8/1994', 370: 'CT Date_9/8/1995', 371: 'CT Date_9/9/1991', 440: 'PET Date_4/7/1994', 373: 'PET Date_1/10/1992', 374: 'PET Date_1/12/1994', 375: 'PET Date_1/13/1990', 376: 'PET Date_1/18/1996', 377: 'PET Date_1/23/1991', 378: 'PET Date_1/5/1995', 379: 'PET Date_1/6/1995', 380: 'PET Date_10/12/1993', 381: 'PET Date_10/13/1995', 382: 'PET Date_10/16/1991', 383: 'PET Date_10/17/1991', 384: 'PET Date_10/18/1994', 385: 'PET Date_10/20/1995', 386: 'PET Date_10/22/1993', 387: 'PET Date_10/3/1992', 388: 'PET Date_10/30/1993', 389: 'PET Date_10/5/1995', 390: 'PET Date_10/9/1993', 391: 'PET Date_11/12/1993', 392: 'PET Date_11/18/1992', 393: 'PET Date_11/26/1993', 394: 'PET Date_11/26/1994', 395: 'PET Date_11/28/1990', 396: 'PET Date_11/29/1995', 397: 'PET Date_11/3/1990', 398: 'PET Date_11/30/1994', 399: 'PET Date_11/4/1994', 400: 'PET Date_11/6/1993', 401: 'PET Date_11/7/1991', 402: 'PET Date_12/10/1991', 403: 'PET Date_12/11/1990', 404: 'PET Date_12/13/1995', 405: 'PET Date_12/16/1995', 406: 'PET Date_12/19/1991', 407: 'PET Date_12/21/1995', 408: 'PET Date_12/22/1990', 409: 'PET Date_12/22/1995', 410: 'PET Date_12/29/1993', 411: 'PET Date_12/30/1993', 412: 'PET Date_12/5/1995', 413: 'PET Date_2/11/1994', 414: 'PET Date_2/11/1995', 415: 'PET Date_2/14/1995', 416: 'PET Date_2/15/1994', 417: 'PET Date_2/17/1994', 418: 'PET Date_2/25/1995', 419: 'PET Date_2/26/1994', 420: 'PET Date_2/4/1994', 421: 'PET Date_3/1/1995', 422: 'PET Date_3/10/1995', 423: 'PET Date_3/2/1993', 424: 'PET Date_3/2/1995', 425: 'PET Date_3/23/1991', 426: 'PET Date_3/23/1995', 427: 'PET Date_3/24/1994', 428: 'PET Date_3/25/1995', 429: 'PET Date_3/3/1995', 430: 'PET Date_3/30/1996', 431: 'PET Date_3/31/1995', 432: 'PET Date_3/8/1995', 465: 'PET Date_7/4/1992', 372: 'PET Date_1/1/1994', 467: 'PET Date_8/17/1995', 468: 'PET Date_8/2/1994', 469: 'PET Date_8/25/1993', 470: 'PET Date_8/26/1995', 471: 'PET Date_8/28/1996', 48: 'Weight (lbs)_145.53', 473: 'PET Date_8/5/1993', 474: 'PET Date_8/6/1993', 475: 'PET Date_8/7/1993', 476: 'PET Date_9/11/1993', 477: 'PET Date_9/12/1995', 478: 'PET Date_9/14/1990', 479: 'PET Date_9/21/1996', 480: 'PET Date_9/23/1992', 481: 'PET Date_9/7/1994', 482: 'PET Date_9/8/1994', 483: 'PET Date_9/8/1995', 484: 'PET Date_Not Collected', 472: 'PET Date_8/31/1994', 464: 'PET Date_7/20/1993', 433: 'PET Date_4/1/1995', 434: 'PET Date_4/12/1995', 435: 'PET Date_4/13/1995', 436: 'PET Date_4/19/1991', 437: 'PET Date_4/21/1994', 492: 'Gender_Female_surface_mr', 493: 'Gender_Female_max_diamt', 438: 'PET Date_4/27/1996', 439: 'PET Date_4/7/1993', 441: 'PET Date_4/7/1995', 442: 'PET Date_5/11/1994', 443: 'PET Date_5/11/1996', 444: 'PET Date_5/21/1992', 445: 'PET Date_5/23/1996', 446: 'PET Date_5/26/1993', 447: 'PET Date_5/28/1992', 448: 'PET Date_5/29/1992', 449: 'PET Date_5/29/1993', 450: 'PET Date_5/3/1994', 451: 'PET Date_5/31/1995', 452: 'PET Date_5/4/1995', 453: 'PET Date_5/7/1991', 29: 'Weight (lbs)_102', 30: 'Weight (lbs)_103.635', 31: 'Weight (lbs)_104', 32: 'Weight (lbs)_108.045', 33: 'Weight (lbs)_110.1177', 34: 'Weight (lbs)_111.5815', 35: 'Weight (lbs)_112', 36: 'Weight (lbs)_114.66', 37: 'Weight (lbs)_125', 38: 'Weight (lbs)_126', 39: 'Weight (lbs)_128', 40: 'Weight (lbs)_130', 41: 'Weight (lbs)_130.02885', 42: 'Weight (lbs)_132', 43: 'Weight (lbs)_133', 44: 'Weight (lbs)_134.505', 45: 'Weight (lbs)_135', 46: 'Weight (lbs)_137', 47: 'Weight (lbs)_145', 466: 'PET Date_8/14/1991'}"
importance,,,"{115: 0.0653461292386055, 160: 0.053208403289318085, 181: 0.046329326927661896, 193: 0.040745288133621216, 14: 0.03653985634446144, 195: 0.0340132936835289, 133: 0.03324269875884056, 138: 0.03053353913128376, 225: 0.028829671442508698, 494: 0.02468778006732464, 6: 0.02375626564025879, 19: 0.022597741335630417, 186: 0.022199708968400955, 489: 0.02200138196349144, 17: 0.020283913239836693, 21: 0.019917137920856476, 1: 0.0197402723133564, 10: 0.018456382676959038, 15: 0.017939049750566483, 18: 0.017898980528116226, 187: 0.016773013398051262, 114: 0.016769682988524437, 3: 0.016562826931476593, 176: 0.01569557376205921, 23: 0.014742357656359673, 185: 0.013384019024670124, 491: 0.013121248222887516, 22: 0.013049684464931488, 8: 0.0129112983122468, 2: 0.012687977403402328, 118: 0.011893339455127716, 11: 0.011692588217556477, 13: 0.011327659711241722, 24: 0.011242124252021313, 201: 0.01083277352154255, 119: 0.010724025778472424, 0: 0.010347476229071617, 486: 0.010306423529982567, 110: 0.010264617390930653, 26: 0.010111371986567974, 199: 0.009974334388971329, 4: 0.00996285118162632, 485: 0.00906747579574585, 25: 0.00905652530491352, 12: 0.00901150144636631, 206: 0.00893481820821762, 5: 0.008738316595554352, 16: 0.007304410450160503, 28: 0.007108484394848347, 171: 0.007000763900578022, 7: 0.006671551614999771, 217: 0.006623686756938696, 488: 0.0057442449033260345, 184: 0.005448022857308388, 496: 0.004978122655302286, 9: 0.004529307130724192, 168: 0.0034047008957713842, 20: 0.0032514678314328194, 490: 0.0031397142447531223, 174: 0.002944719046354294, 210: 0.0028203974943608046, 182: 0.0025920188054442406, 221: 0.002218668581917882, 27: 0.0018291567685082555, 208: 0.0017673493130132556, 495: 0.0016641670372337103, 487: 0.0015063461614772677, 454: 0.0, 455: 0.0, 456: 0.0, 457: 0.0, 458: 0.0, 459: 0.0, 460: 0.0, 461: 0.0, 462: 0.0, 463: 0.0, 49: 0.0, 50: 0.0, 51: 0.0, 52: 0.0, 53: 0.0, 54: 0.0, 55: 0.0, 56: 0.0, 57: 0.0, 58: 0.0, 59: 0.0, 60: 0.0, 61: 0.0, 62: 0.0, 63: 0.0, 64: 0.0, 65: 0.0, 66: 0.0, 67: 0.0, 68: 0.0, 69: 0.0, 70: 0.0, 71: 0.0, 72: 0.0, 73: 0.0, 74: 0.0, 75: 0.0, 76: 0.0, 77: 0.0, 78: 0.0, 79: 0.0, 80: 0.0, 81: 0.0, 82: 0.0, 83: 0.0, 84: 0.0, 85: 0.0, 86: 0.0, 87: 0.0, 88: 0.0, 89: 0.0, 90: 0.0, 91: 0.0, 92: 0.0, 93: 0.0, 94: 0.0, 95: 0.0, 96: 0.0, 97: 0.0, 98: 0.0, 99: 0.0, 100: 0.0, 101: 0.0, 102: 0.0, 103: 0.0, 104: 0.0, 105: 0.0, 106: 0.0, 107: 0.0, 108: 0.0, 109: 0.0, 111: 0.0, 112: 0.0, 113: 0.0, 116: 0.0, 117: 0.0, 120: 0.0, 121: 0.0, 122: 0.0, 123: 0.0, 124: 0.0, 125: 0.0, 126: 0.0, 127: 0.0, 128: 0.0, 129: 0.0, 130: 0.0, 131: 0.0, 132: 0.0, 134: 0.0, 135: 0.0, 136: 0.0, 137: 0.0, 139: 0.0, 140: 0.0, 141: 0.0, 142: 0.0, 143: 0.0, 144: 0.0, 145: 0.0, 146: 0.0, 147: 0.0, 148: 0.0, 149: 0.0, 150: 0.0, 151: 0.0, 152: 0.0, 153: 0.0, 154: 0.0, 155: 0.0, 156: 0.0, 157: 0.0, 158: 0.0, 159: 0.0, 161: 0.0, 162: 0.0, 163: 0.0, 164: 0.0, 165: 0.0, 166: 0.0, 167: 0.0, 169: 0.0, 170: 0.0, 172: 0.0, 173: 0.0, 175: 0.0, 177: 0.0, 178: 0.0, 179: 0.0, 180: 0.0, 183: 0.0, 188: 0.0, 189: 0.0, 190: 0.0, 191: 0.0, 192: 0.0, 194: 0.0, 196: 0.0, 197: 0.0, 198: 0.0, 200: 0.0, 202: 0.0, 203: 0.0, 204: 0.0, 205: 0.0, 207: 0.0, 209: 0.0, 211: 0.0, 212: 0.0, 213: 0.0, 214: 0.0, 215: 0.0, 216: 0.0, 218: 0.0, 219: 0.0, 220: 0.0, 222: 0.0, 223: 0.0, 224: 0.0, 226: 0.0, 227: 0.0, 228: 0.0, 229: 0.0, 230: 0.0, 231: 0.0, 232: 0.0, 233: 0.0, 234: 0.0, 235: 0.0, 236: 0.0, 237: 0.0, 238: 0.0, 239: 0.0, 240: 0.0, 241: 0.0, 242: 0.0, 243: 0.0, 244: 0.0, 245: 0.0, 246: 0.0, 247: 0.0, 248: 0.0, 249: 0.0, 250: 0.0, 251: 0.0, 252: 0.0, 253: 0.0, 254: 0.0, 255: 0.0, 256: 0.0, 257: 0.0, 258: 0.0, 259: 0.0, 260: 0.0, 261: 0.0, 262: 0.0, 263: 0.0, 264: 0.0, 265: 0.0, 266: 0.0, 267: 0.0, 268: 0.0, 269: 0.0, 270: 0.0, 271: 0.0, 272: 0.0, 273: 0.0, 274: 0.0, 275: 0.0, 276: 0.0, 277: 0.0, 278: 0.0, 279: 0.0, 280: 0.0, 281: 0.0, 282: 0.0, 283: 0.0, 284: 0.0, 285: 0.0, 286: 0.0, 287: 0.0, 288: 0.0, 289: 0.0, 290: 0.0, 291: 0.0, 292: 0.0, 293: 0.0, 294: 0.0, 295: 0.0, 296: 0.0, 297: 0.0, 298: 0.0, 299: 0.0, 300: 0.0, 301: 0.0, 302: 0.0, 303: 0.0, 304: 0.0, 305: 0.0, 306: 0.0, 307: 0.0, 308: 0.0, 309: 0.0, 310: 0.0, 311: 0.0, 312: 0.0, 313: 0.0, 314: 0.0, 315: 0.0, 316: 0.0, 317: 0.0, 318: 0.0, 319: 0.0, 320: 0.0, 321: 0.0, 322: 0.0, 323: 0.0, 324: 0.0, 325: 0.0, 326: 0.0, 327: 0.0, 328: 0.0, 329: 0.0, 330: 0.0, 331: 0.0, 332: 0.0, 333: 0.0, 334: 0.0, 335: 0.0, 336: 0.0, 337: 0.0, 338: 0.0, 339: 0.0, 340: 0.0, 341: 0.0, 342: 0.0, 343: 0.0, 344: 0.0, 345: 0.0, 346: 0.0, 347: 0.0, 348: 0.0, 349: 0.0, 350: 0.0, 351: 0.0, 352: 0.0, 353: 0.0, 354: 0.0, 355: 0.0, 356: 0.0, 357: 0.0, 358: 0.0, 359: 0.0, 360: 0.0, 361: 0.0, 362: 0.0, 363: 0.0, 364: 0.0, 365: 0.0, 366: 0.0, 367: 0.0, 368: 0.0, 369: 0.0, 370: 0.0, 371: 0.0, 440: 0.0, 373: 0.0, 374: 0.0, 375: 0.0, 376: 0.0, 377: 0.0, 378: 0.0, 379: 0.0, 380: 0.0, 381: 0.0, 382: 0.0, 383: 0.0, 384: 0.0, 385: 0.0, 386: 0.0, 387: 0.0, 388: 0.0, 389: 0.0, 390: 0.0, 391: 0.0, 392: 0.0, 393: 0.0, 394: 0.0, 395: 0.0, 396: 0.0, 397: 0.0, 398: 0.0, 399: 0.0, 400: 0.0, 401: 0.0, 402: 0.0, 403: 0.0, 404: 0.0, 405: 0.0, 406: 0.0, 407: 0.0, 408: 0.0, 409: 0.0, 410: 0.0, 411: 0.0, 412: 0.0, 413: 0.0, 414: 0.0, 415: 0.0, 416: 0.0, 417: 0.0, 418: 0.0, 419: 0.0, 420: 0.0, 421: 0.0, 422: 0.0, 423: 0.0, 424: 0.0, 425: 0.0, 426: 0.0, 427: 0.0, 428: 0.0, 429: 0.0, 430: 0.0, 431: 0.0, 432: 0.0, 465: 0.0, 372: 0.0, 467: 0.0, 468: 0.0, 469: 0.0, 470: 0.0, 471: 0.0, 48: 0.0, 473: 0.0, 474: 0.0, 475: 0.0, 476: 0.0, 477: 0.0, 478: 0.0, 479: 0.0, 480: 0.0, 481: 0.0, 482: 0.0, 483: 0.0, 484: 0.0, 472: 0.0, 464: 0.0, 433: 0.0, 434: 0.0, 435: 0.0, 436: 0.0, 437: 0.0, 492: 0.0, 493: 0.0, 438: 0.0, 439: 0.0, 441: 0.0, 442: 0.0, 443: 0.0, 444: 0.0, 445: 0.0, 446: 0.0, 447: 0.0, 448: 0.0, 449: 0.0, 450: 0.0, 451: 0.0, 452: 0.0, 453: 0.0, 29: 0.0, 30: 0.0, 31: 0.0, 32: 0.0, 33: 0.0, 34: 0.0, 35: 0.0, 36: 0.0, 37: 0.0, 38: 0.0, 39: 0.0, 40: 0.0, 41: 0.0, 42: 0.0, 43: 0.0, 44: 0.0, 45: 0.0, 46: 0.0, 47: 0.0, 466: 0.0}",
shap_importance,,,,"{160: 0.9373595714569092, 133: 0.5689616799354553, 18: 0.5079209208488464, 10: 0.44608956575393677, 193: 0.31571081280708313, 115: 0.30443304777145386, 14: 0.3017473518848419, 24: 0.25837206840515137, 17: 0.23652689158916473, 15: 0.22619444131851196, 4: 0.20683565735816956, 23: 0.19966919720172882, 186: 0.1935742348432541, 9: 0.18708060681819916, 3: 0.1547616869211197, 201: 0.14772029221057892, 225: 0.126069575548172, 25: 0.11859892308712006, 187: 0.10887542366981506, 26: 0.10767583549022675, 20: 0.10651998221874237, 168: 0.1045212373137474, 21: 0.09811115264892578, 2: 0.09046247601509094, 5: 0.08860846608877182, 19: 0.08028914034366608, 208: 0.07495702058076859, 490: 0.0719463974237442, 22: 0.06804659217596054, 8: 0.06758422404527664, 0: 0.060193754732608795, 485: 0.05810658261179924, 489: 0.053946200758218765, 13: 0.05016889050602913, 486: 0.04803985729813576, 1: 0.04654732719063759, 496: 0.04610195383429527, 221: 0.04520273208618164, 185: 0.04395866394042969, 118: 0.04194832220673561, 12: 0.03941798210144043, 217: 0.0364973358809948, 6: 0.034038808196783066, 488: 0.031697552651166916, 7: 0.03070754185318947, 199: 0.027790378779172897, 16: 0.024993402883410454, 28: 0.02479477971792221, 119: 0.024689340963959694, 11: 0.023744557052850723, 494: 0.02229280397295952, 171: 0.02091245725750923, 182: 0.019632216542959213, 206: 0.019314400851726532, 110: 0.01733413152396679, 195: 0.017047079280018806, 27: 0.01539577730000019, 176: 0.011513625271618366, 495: 0.009247981943190098, 174: 0.007613546680659056, 487: 0.007057648617774248, 184: 0.007053669076412916, 210: 0.0068640089593827724, 181: 0.005733076017349958, 138: 0.004934684373438358, 114: 0.00467816973105073, 491: 0.0038245359901338816, 454: 0.0, 455: 0.0, 456: 0.0, 457: 0.0, 458: 0.0, 459: 0.0, 460: 0.0, 461: 0.0, 462: 0.0, 463: 0.0, 49: 0.0, 50: 0.0, 51: 0.0, 52: 0.0, 53: 0.0, 54: 0.0, 55: 0.0, 56: 0.0, 57: 0.0, 58: 0.0, 59: 0.0, 60: 0.0, 61: 0.0, 62: 0.0, 63: 0.0, 64: 0.0, 65: 0.0, 66: 0.0, 67: 0.0, 68: 0.0, 69: 0.0, 70: 0.0, 71: 0.0, 72: 0.0, 73: 0.0, 74: 0.0, 75: 0.0, 76: 0.0, 77: 0.0, 78: 0.0, 79: 0.0, 80: 0.0, 81: 0.0, 82: 0.0, 83: 0.0, 84: 0.0, 85: 0.0, 86: 0.0, 87: 0.0, 88: 0.0, 89: 0.0, 90: 0.0, 91: 0.0, 92: 0.0, 93: 0.0, 94: 0.0, 95: 0.0, 96: 0.0, 97: 0.0, 98: 0.0, 99: 0.0, 100: 0.0, 101: 0.0, 102: 0.0, 103: 0.0, 104: 0.0, 105: 0.0, 106: 0.0, 107: 0.0, 108: 0.0, 109: 0.0, 111: 0.0, 112: 0.0, 113: 0.0, 116: 0.0, 117: 0.0, 120: 0.0, 121: 0.0, 122: 0.0, 123: 0.0, 124: 0.0, 125: 0.0, 126: 0.0, 127: 0.0, 128: 0.0, 129: 0.0, 130: 0.0, 131: 0.0, 132: 0.0, 134: 0.0, 135: 0.0, 136: 0.0, 137: 0.0, 139: 0.0, 140: 0.0, 141: 0.0, 142: 0.0, 143: 0.0, 144: 0.0, 145: 0.0, 146: 0.0, 147: 0.0, 148: 0.0, 149: 0.0, 150: 0.0, 151: 0.0, 152: 0.0, 153: 0.0, 154: 0.0, 155: 0.0, 156: 0.0, 157: 0.0, 158: 0.0, 159: 0.0, 161: 0.0, 162: 0.0, 163: 0.0, 164: 0.0, 165: 0.0, 166: 0.0, 167: 0.0, 169: 0.0, 170: 0.0, 172: 0.0, 173: 0.0, 175: 0.0, 177: 0.0, 178: 0.0, 179: 0.0, 180: 0.0, 183: 0.0, 188: 0.0, 189: 0.0, 190: 0.0, 191: 0.0, 192: 0.0, 194: 0.0, 196: 0.0, 197: 0.0, 198: 0.0, 200: 0.0, 202: 0.0, 203: 0.0, 204: 0.0, 205: 0.0, 207: 0.0, 209: 0.0, 211: 0.0, 212: 0.0, 213: 0.0, 214: 0.0, 215: 0.0, 216: 0.0, 218: 0.0, 219: 0.0, 220: 0.0, 222: 0.0, 223: 0.0, 224: 0.0, 226: 0.0, 227: 0.0, 228: 0.0, 229: 0.0, 230: 0.0, 231: 0.0, 232: 0.0, 233: 0.0, 234: 0.0, 235: 0.0, 236: 0.0, 237: 0.0, 238: 0.0, 239: 0.0, 240: 0.0, 241: 0.0, 242: 0.0, 243: 0.0, 244: 0.0, 245: 0.0, 246: 0.0, 247: 0.0, 248: 0.0, 249: 0.0, 250: 0.0, 251: 0.0, 252: 0.0, 253: 0.0, 254: 0.0, 255: 0.0, 256: 0.0, 257: 0.0, 258: 0.0, 259: 0.0, 260: 0.0, 261: 0.0, 262: 0.0, 263: 0.0, 264: 0.0, 265: 0.0, 266: 0.0, 267: 0.0, 268: 0.0, 269: 0.0, 270: 0.0, 271: 0.0, 272: 0.0, 273: 0.0, 274: 0.0, 275: 0.0, 276: 0.0, 277: 0.0, 278: 0.0, 279: 0.0, 280: 0.0, 281: 0.0, 282: 0.0, 283: 0.0, 284: 0.0, 285: 0.0, 286: 0.0, 287: 0.0, 288: 0.0, 289: 0.0, 290: 0.0, 291: 0.0, 292: 0.0, 293: 0.0, 294: 0.0, 295: 0.0, 296: 0.0, 297: 0.0, 298: 0.0, 299: 0.0, 300: 0.0, 301: 0.0, 302: 0.0, 303: 0.0, 304: 0.0, 305: 0.0, 306: 0.0, 307: 0.0, 308: 0.0, 309: 0.0, 310: 0.0, 311: 0.0, 312: 0.0, 313: 0.0, 314: 0.0, 315: 0.0, 316: 0.0, 317: 0.0, 318: 0.0, 319: 0.0, 320: 0.0, 321: 0.0, 322: 0.0, 323: 0.0, 324: 0.0, 325: 0.0, 326: 0.0, 327: 0.0, 328: 0.0, 329: 0.0, 330: 0.0, 331: 0.0, 332: 0.0, 333: 0.0, 334: 0.0, 335: 0.0, 336: 0.0, 337: 0.0, 338: 0.0, 339: 0.0, 340: 0.0, 341: 0.0, 342: 0.0, 343: 0.0, 344: 0.0, 345: 0.0, 346: 0.0, 347: 0.0, 348: 0.0, 349: 0.0, 350: 0.0, 351: 0.0, 352: 0.0, 353: 0.0, 354: 0.0, 355: 0.0, 356: 0.0, 357: 0.0, 358: 0.0, 359: 0.0, 360: 0.0, 361: 0.0, 362: 0.0, 363: 0.0, 364: 0.0, 365: 0.0, 366: 0.0, 367: 0.0, 368: 0.0, 369: 0.0, 370: 0.0, 371: 0.0, 440: 0.0, 373: 0.0, 374: 0.0, 375: 0.0, 376: 0.0, 377: 0.0, 378: 0.0, 379: 0.0, 380: 0.0, 381: 0.0, 382: 0.0, 383: 0.0, 384: 0.0, 385: 0.0, 386: 0.0, 387: 0.0, 388: 0.0, 389: 0.0, 390: 0.0, 391: 0.0, 392: 0.0, 393: 0.0, 394: 0.0, 395: 0.0, 396: 0.0, 397: 0.0, 398: 0.0, 399: 0.0, 400: 0.0, 401: 0.0, 402: 0.0, 403: 0.0, 404: 0.0, 405: 0.0, 406: 0.0, 407: 0.0, 408: 0.0, 409: 0.0, 410: 0.0, 411: 0.0, 412: 0.0, 413: 0.0, 414: 0.0, 415: 0.0, 416: 0.0, 417: 0.0, 418: 0.0, 419: 0.0, 420: 0.0, 421: 0.0, 422: 0.0, 423: 0.0, 424: 0.0, 425: 0.0, 426: 0.0, 427: 0.0, 428: 0.0, 429: 0.0, 430: 0.0, 431: 0.0, 432: 0.0, 465: 0.0, 372: 0.0, 467: 0.0, 468: 0.0, 469: 0.0, 470: 0.0, 471: 0.0, 48: 0.0, 473: 0.0, 474: 0.0, 475: 0.0, 476: 0.0, 477: 0.0, 478: 0.0, 479: 0.0, 480: 0.0, 481: 0.0, 482: 0.0, 483: 0.0, 484: 0.0, 472: 0.0, 464: 0.0, 433: 0.0, 434: 0.0, 435: 0.0, 436: 0.0, 437: 0.0, 492: 0.0, 493: 0.0, 438: 0.0, 439: 0.0, 441: 0.0, 442: 0.0, 443: 0.0, 444: 0.0, 445: 0.0, 446: 0.0, 447: 0.0, 448: 0.0, 449: 0.0, 450: 0.0, 451: 0.0, 452: 0.0, 453: 0.0, 29: 0.0, 30: 0.0, 31: 0.0, 32: 0.0, 33: 0.0, 34: 0.0, 35: 0.0, 36: 0.0, 37: 0.0, 38: 0.0, 39: 0.0, 40: 0.0, 41: 0.0, 42: 0.0, 43: 0.0, 44: 0.0, 45: 0.0, 46: 0.0, 47: 0.0, 466: 0.0}"
